n_devices,run,metric,sample_idx,value,unit
5,0,registration_ms,0,8.228100,ms
5,0,registration_ms,1,5.184700,ms
5,0,registration_ms,2,3.510000,ms
5,0,registration_ms,3,3.376100,ms
5,0,registration_ms,4,6.268100,ms
5,0,throughput_registrations_per_s,,188.105701,per_s
5,0,batch_close_ms,,0.949800,ms
5,0,batch_compute_ms,,0.025400,ms
5,0,proof_all_ms,,0.007000,ms
5,0,proof_http_ms,0,0.804200,ms
5,0,proof_http_ms,1,0.800100,ms
5,0,proof_http_ms,2,0.753700,ms
5,0,proof_http_ms,3,0.771800,ms
5,0,proof_http_ms,4,0.817700,ms
5,0,verify_local_ms,0,0.014700,ms
5,0,verify_local_ms,1,0.006400,ms
5,0,verify_local_ms,2,0.006400,ms
5,0,verify_local_ms,3,0.005900,ms
5,0,verify_local_ms,4,0.005900,ms
5,0,access_proof_allow_ms,0,3.509300,ms
5,0,access_proof_allow_ms,1,1.182500,ms
5,0,access_proof_allow_ms,2,1.153800,ms
5,0,access_proof_allow_ms,3,1.389500,ms
5,0,access_proof_allow_ms,4,1.656300,ms
5,0,throughput_verifications_per_s,,561.261719,per_s
5,0,access_proof_deny_ms,0,1.300500,ms
5,0,access_proof_deny_ms,1,1.228700,ms
5,0,access_proof_deny_ms,2,1.079800,ms
5,0,access_proof_deny_ms,3,1.055900,ms
5,0,access_proof_deny_ms,4,1.082500,ms
5,0,token_issue_ms,0,0.937800,ms
5,0,token_issue_ms,1,0.900000,ms
5,0,token_issue_ms,2,0.923200,ms
5,0,token_issue_ms,3,0.836500,ms
5,0,token_issue_ms,4,0.854200,ms
5,0,access_token_allow_ms,0,1.265900,ms
5,0,access_token_allow_ms,1,1.236800,ms
5,0,access_token_allow_ms,2,1.365300,ms
5,0,access_token_allow_ms,3,1.710100,ms
5,0,access_token_deny_ms,0,1.712300,ms
5,0,access_token_deny_ms,1,1.283300,ms
5,0,access_token_deny_ms,2,1.259100,ms
5,0,access_token_deny_ms,3,1.303500,ms
5,0,access_token_deny_ms,4,1.238500,ms
5,1,registration_ms,0,9.532200,ms
5,1,registration_ms,1,3.768000,ms
5,1,registration_ms,2,3.492700,ms
5,1,registration_ms,3,3.350400,ms
5,1,registration_ms,4,4.270800,ms
5,1,throughput_registrations_per_s,,204.692367,per_s
5,1,batch_close_ms,,1.291100,ms
5,1,batch_compute_ms,,0.025300,ms
5,1,proof_all_ms,,0.006600,ms
5,1,proof_http_ms,0,1.000700,ms
5,1,proof_http_ms,1,0.835800,ms
5,1,proof_http_ms,2,0.789800,ms
5,1,proof_http_ms,3,0.772400,ms
5,1,proof_http_ms,4,0.763900,ms
5,1,verify_local_ms,0,0.015200,ms
5,1,verify_local_ms,1,0.006000,ms
5,1,verify_local_ms,2,0.005900,ms
5,1,verify_local_ms,3,0.005800,ms
5,1,verify_local_ms,4,0.005900,ms
5,1,access_proof_allow_ms,0,3.432600,ms
5,1,access_proof_allow_ms,1,1.183400,ms
5,1,access_proof_allow_ms,2,1.286000,ms
5,1,access_proof_allow_ms,3,1.197500,ms
5,1,access_proof_allow_ms,4,1.165700,ms
5,1,throughput_verifications_per_s,,603.718911,per_s
5,1,access_proof_deny_ms,0,1.174300,ms
5,1,access_proof_deny_ms,1,1.776600,ms
5,1,access_proof_deny_ms,2,1.350300,ms
5,1,access_proof_deny_ms,3,1.161400,ms
5,1,access_proof_deny_ms,4,1.181200,ms
5,1,token_issue_ms,0,0.963800,ms
5,1,token_issue_ms,1,0.958800,ms
5,1,token_issue_ms,2,0.894500,ms
5,1,token_issue_ms,3,0.849500,ms
5,1,token_issue_ms,4,0.871800,ms
5,1,access_token_allow_ms,0,1.222000,ms
5,1,access_token_allow_ms,1,1.153400,ms
5,1,access_token_allow_ms,2,1.169000,ms
5,1,access_token_allow_ms,3,1.237100,ms
5,1,access_token_deny_ms,0,1.454900,ms
5,1,access_token_deny_ms,1,2.782900,ms
5,1,access_token_deny_ms,2,1.425500,ms
5,1,access_token_deny_ms,3,1.202000,ms
5,1,access_token_deny_ms,4,1.161800,ms
5,2,registration_ms,0,7.893500,ms
5,2,registration_ms,1,4.814000,ms
5,2,registration_ms,2,3.523200,ms
5,2,registration_ms,3,3.466600,ms
5,2,registration_ms,4,3.652900,ms
5,2,throughput_registrations_per_s,,212.396298,per_s
5,2,batch_close_ms,,0.902200,ms
5,2,batch_compute_ms,,0.022300,ms
5,2,proof_all_ms,,0.007100,ms
5,2,proof_http_ms,0,1.507800,ms
5,2,proof_http_ms,1,1.283200,ms
5,2,proof_http_ms,2,0.852300,ms
5,2,proof_http_ms,3,0.784200,ms
5,2,proof_http_ms,4,0.770900,ms
5,2,verify_local_ms,0,0.022900,ms
5,2,verify_local_ms,1,0.006500,ms
5,2,verify_local_ms,2,0.006100,ms
5,2,verify_local_ms,3,0.005900,ms
5,2,verify_local_ms,4,0.005800,ms
5,2,access_proof_allow_ms,0,3.568800,ms
5,2,access_proof_allow_ms,1,1.329500,ms
5,2,access_proof_allow_ms,2,1.145200,ms
5,2,access_proof_allow_ms,3,1.090300,ms
5,2,access_proof_allow_ms,4,1.048900,ms
5,2,throughput_verifications_per_s,,609.652016,per_s
5,2,access_proof_deny_ms,0,1.197700,ms
5,2,access_proof_deny_ms,1,1.213400,ms
5,2,access_proof_deny_ms,2,2.110400,ms
5,2,access_proof_deny_ms,3,1.701300,ms
5,2,access_proof_deny_ms,4,1.249800,ms
5,2,token_issue_ms,0,0.969700,ms
5,2,token_issue_ms,1,0.916800,ms
5,2,token_issue_ms,2,0.872400,ms
5,2,token_issue_ms,3,0.896600,ms
5,2,token_issue_ms,4,0.862400,ms
5,2,access_token_allow_ms,0,6.685400,ms
5,2,access_token_allow_ms,1,1.438700,ms
5,2,access_token_allow_ms,2,2.147400,ms
5,2,access_token_allow_ms,3,1.490400,ms
5,2,access_token_deny_ms,0,1.259000,ms
5,2,access_token_deny_ms,1,1.208000,ms
5,2,access_token_deny_ms,2,1.215000,ms
5,2,access_token_deny_ms,3,1.189800,ms
5,2,access_token_deny_ms,4,1.128500,ms
10,0,registration_ms,0,9.290300,ms
10,0,registration_ms,1,3.722000,ms
10,0,registration_ms,2,3.412700,ms
10,0,registration_ms,3,5.407400,ms
10,0,registration_ms,4,6.683000,ms
10,0,registration_ms,5,4.967600,ms
10,0,registration_ms,6,3.450700,ms
10,0,registration_ms,7,5.418100,ms
10,0,registration_ms,8,3.570400,ms
10,0,registration_ms,9,3.473800,ms
10,0,throughput_registrations_per_s,,202.357055,per_s
10,0,batch_close_ms,,1.102500,ms
10,0,batch_compute_ms,,0.031000,ms
10,0,proof_all_ms,,0.013100,ms
10,0,proof_http_ms,0,0.930700,ms
10,0,proof_http_ms,1,0.826900,ms
10,0,proof_http_ms,2,0.765300,ms
10,0,proof_http_ms,3,1.180800,ms
10,0,proof_http_ms,4,1.608900,ms
10,0,proof_http_ms,5,0.865800,ms
10,0,proof_http_ms,6,0.859600,ms
10,0,proof_http_ms,7,0.775900,ms
10,0,proof_http_ms,8,0.787300,ms
10,0,proof_http_ms,9,0.753300,ms
10,0,verify_local_ms,0,0.026100,ms
10,0,verify_local_ms,1,0.008300,ms
10,0,verify_local_ms,2,0.008000,ms
10,0,verify_local_ms,3,0.007500,ms
10,0,verify_local_ms,4,0.006900,ms
10,0,verify_local_ms,5,0.007000,ms
10,0,verify_local_ms,6,0.006900,ms
10,0,verify_local_ms,7,0.007100,ms
10,0,verify_local_ms,8,0.007000,ms
10,0,verify_local_ms,9,0.006800,ms
10,0,access_proof_allow_ms,0,3.839100,ms
10,0,access_proof_allow_ms,1,1.383500,ms
10,0,access_proof_allow_ms,2,1.193000,ms
10,0,access_proof_allow_ms,3,1.090100,ms
10,0,access_proof_allow_ms,4,1.194600,ms
10,0,access_proof_allow_ms,5,1.607800,ms
10,0,access_proof_allow_ms,6,2.179900,ms
10,0,access_proof_allow_ms,7,1.647600,ms
10,0,access_proof_allow_ms,8,1.243500,ms
10,0,access_proof_allow_ms,9,1.159100,ms
10,0,throughput_verifications_per_s,,603.078113,per_s
10,0,access_proof_deny_ms,0,1.105400,ms
10,0,access_proof_deny_ms,1,1.194000,ms
10,0,access_proof_deny_ms,2,1.184100,ms
10,0,access_proof_deny_ms,3,1.254300,ms
10,0,access_proof_deny_ms,4,1.178500,ms
10,0,access_proof_deny_ms,5,1.181900,ms
10,0,access_proof_deny_ms,6,1.144600,ms
10,0,access_proof_deny_ms,7,1.393100,ms
10,0,access_proof_deny_ms,8,1.372200,ms
10,0,access_proof_deny_ms,9,1.751400,ms
10,0,token_issue_ms,0,1.467800,ms
10,0,token_issue_ms,1,1.374400,ms
10,0,token_issue_ms,2,1.569700,ms
10,0,token_issue_ms,3,1.301900,ms
10,0,token_issue_ms,4,1.370400,ms
10,0,token_issue_ms,5,1.233400,ms
10,0,token_issue_ms,6,1.029100,ms
10,0,token_issue_ms,7,0.974500,ms
10,0,token_issue_ms,8,1.019500,ms
10,0,token_issue_ms,9,1.096500,ms
10,0,access_token_allow_ms,0,1.395600,ms
10,0,access_token_allow_ms,1,1.568000,ms
10,0,access_token_allow_ms,2,1.688900,ms
10,0,access_token_allow_ms,3,1.318900,ms
10,0,access_token_allow_ms,4,1.284700,ms
10,0,access_token_allow_ms,5,1.280700,ms
10,0,access_token_allow_ms,6,1.268800,ms
10,0,access_token_allow_ms,7,1.159300,ms
10,0,access_token_deny_ms,0,1.197200,ms
10,0,access_token_deny_ms,1,1.272200,ms
10,0,access_token_deny_ms,2,1.254900,ms
10,0,access_token_deny_ms,3,1.671900,ms
10,0,access_token_deny_ms,4,1.344600,ms
10,0,access_token_deny_ms,5,2.146500,ms
10,0,access_token_deny_ms,6,1.838600,ms
10,0,access_token_deny_ms,7,2.012500,ms
10,0,access_token_deny_ms,8,1.650900,ms
10,0,access_token_deny_ms,9,1.462000,ms
10,1,registration_ms,0,9.188200,ms
10,1,registration_ms,1,4.446600,ms
10,1,registration_ms,2,3.902100,ms
10,1,registration_ms,3,3.914500,ms
10,1,registration_ms,4,7.212600,ms
10,1,registration_ms,5,4.211100,ms
10,1,registration_ms,6,3.502400,ms
10,1,registration_ms,7,5.697000,ms
10,1,registration_ms,8,3.998100,ms
10,1,registration_ms,9,4.557700,ms
10,1,throughput_registrations_per_s,,197.402577,per_s
10,1,batch_close_ms,,1.469600,ms
10,1,batch_compute_ms,,0.037300,ms
10,1,proof_all_ms,,0.013200,ms
10,1,proof_http_ms,0,1.215600,ms
10,1,proof_http_ms,1,1.885400,ms
10,1,proof_http_ms,2,1.858300,ms
10,1,proof_http_ms,3,1.221400,ms
10,1,proof_http_ms,4,1.240000,ms
10,1,proof_http_ms,5,1.199200,ms
10,1,proof_http_ms,6,1.410500,ms
10,1,proof_http_ms,7,1.315900,ms
10,1,proof_http_ms,8,0.972300,ms
10,1,proof_http_ms,9,1.081700,ms
10,1,verify_local_ms,0,0.036400,ms
10,1,verify_local_ms,1,0.015300,ms
10,1,verify_local_ms,2,0.015200,ms
10,1,verify_local_ms,3,0.015000,ms
10,1,verify_local_ms,4,0.014100,ms
10,1,verify_local_ms,5,0.013900,ms
10,1,verify_local_ms,6,0.013500,ms
10,1,verify_local_ms,7,0.013300,ms
10,1,verify_local_ms,8,0.014000,ms
10,1,verify_local_ms,9,0.013100,ms
10,1,access_proof_allow_ms,0,4.468500,ms
10,1,access_proof_allow_ms,1,3.056600,ms
10,1,access_proof_allow_ms,2,2.678400,ms
10,1,access_proof_allow_ms,3,2.550700,ms
10,1,access_proof_allow_ms,4,2.213500,ms
10,1,access_proof_allow_ms,5,1.710000,ms
10,1,access_proof_allow_ms,6,1.516800,ms
10,1,access_proof_allow_ms,7,1.696400,ms
10,1,access_proof_allow_ms,8,1.706200,ms
10,1,access_proof_allow_ms,9,2.881900,ms
10,1,throughput_verifications_per_s,,407.340270,per_s
10,1,access_proof_deny_ms,0,2.928800,ms
10,1,access_proof_deny_ms,1,2.742400,ms
10,1,access_proof_deny_ms,2,2.514900,ms
10,1,access_proof_deny_ms,3,2.369700,ms
10,1,access_proof_deny_ms,4,2.616100,ms
10,1,access_proof_deny_ms,5,3.137800,ms
10,1,access_proof_deny_ms,6,2.946800,ms
10,1,access_proof_deny_ms,7,2.697500,ms
10,1,access_proof_deny_ms,8,2.677200,ms
10,1,access_proof_deny_ms,9,2.014400,ms
10,1,token_issue_ms,0,2.279300,ms
10,1,token_issue_ms,1,2.011000,ms
10,1,token_issue_ms,2,2.291200,ms
10,1,token_issue_ms,3,2.168800,ms
10,1,token_issue_ms,4,2.051100,ms
10,1,token_issue_ms,5,1.923500,ms
10,1,token_issue_ms,6,1.893600,ms
10,1,token_issue_ms,7,1.326500,ms
10,1,token_issue_ms,8,1.364800,ms
10,1,token_issue_ms,9,1.226300,ms
10,1,access_token_allow_ms,0,1.860500,ms
10,1,access_token_allow_ms,1,2.421400,ms
10,1,access_token_allow_ms,2,1.983700,ms
10,1,access_token_allow_ms,3,1.952900,ms
10,1,access_token_allow_ms,4,1.401700,ms
10,1,access_token_allow_ms,5,2.268200,ms
10,1,access_token_allow_ms,6,2.551900,ms
10,1,access_token_allow_ms,7,2.222700,ms
10,1,access_token_deny_ms,0,2.231600,ms
10,1,access_token_deny_ms,1,2.412200,ms
10,1,access_token_deny_ms,2,1.811700,ms
10,1,access_token_deny_ms,3,1.809600,ms
10,1,access_token_deny_ms,4,1.788200,ms
10,1,access_token_deny_ms,5,1.654400,ms
10,1,access_token_deny_ms,6,1.606600,ms
10,1,access_token_deny_ms,7,1.542900,ms
10,1,access_token_deny_ms,8,1.555900,ms
10,1,access_token_deny_ms,9,1.662400,ms
10,2,registration_ms,0,11.954500,ms
10,2,registration_ms,1,6.329700,ms
10,2,registration_ms,2,4.425500,ms
10,2,registration_ms,3,4.570700,ms
10,2,registration_ms,4,5.947300,ms
10,2,registration_ms,5,5.350200,ms
10,2,registration_ms,6,3.984100,ms
10,2,registration_ms,7,4.961200,ms
10,2,registration_ms,8,5.133900,ms
10,2,registration_ms,9,3.504700,ms
10,2,throughput_registrations_per_s,,177.969510,per_s
10,2,batch_close_ms,,0.867300,ms
10,2,batch_compute_ms,,0.027900,ms
10,2,proof_all_ms,,0.012200,ms
10,2,proof_http_ms,0,0.738600,ms
10,2,proof_http_ms,1,1.448600,ms
10,2,proof_http_ms,2,0.992200,ms
10,2,proof_http_ms,3,1.168900,ms
10,2,proof_http_ms,4,1.045100,ms
10,2,proof_http_ms,5,1.711100,ms
10,2,proof_http_ms,6,1.458300,ms
10,2,proof_http_ms,7,1.028100,ms
10,2,proof_http_ms,8,1.012800,ms
10,2,proof_http_ms,9,1.081700,ms
10,2,verify_local_ms,0,0.026400,ms
10,2,verify_local_ms,1,0.008400,ms
10,2,verify_local_ms,2,0.008200,ms
10,2,verify_local_ms,3,0.008000,ms
10,2,verify_local_ms,4,0.008000,ms
10,2,verify_local_ms,5,0.007500,ms
10,2,verify_local_ms,6,0.007200,ms
10,2,verify_local_ms,7,0.007400,ms
10,2,verify_local_ms,8,0.007100,ms
10,2,verify_local_ms,9,0.006900,ms
10,2,access_proof_allow_ms,0,3.755800,ms
10,2,access_proof_allow_ms,1,1.381400,ms
10,2,access_proof_allow_ms,2,1.226000,ms
10,2,access_proof_allow_ms,3,1.224200,ms
10,2,access_proof_allow_ms,4,1.325700,ms
10,2,access_proof_allow_ms,5,1.419900,ms
10,2,access_proof_allow_ms,6,2.675200,ms
10,2,access_proof_allow_ms,7,1.778700,ms
10,2,access_proof_allow_ms,8,1.851200,ms
10,2,access_proof_allow_ms,9,1.466900,ms
10,2,throughput_verifications_per_s,,550.918656,per_s
10,2,access_proof_deny_ms,0,1.499900,ms
10,2,access_proof_deny_ms,1,1.418300,ms
10,2,access_proof_deny_ms,2,1.387000,ms
10,2,access_proof_deny_ms,3,1.425000,ms
10,2,access_proof_deny_ms,4,1.582900,ms
10,2,access_proof_deny_ms,5,1.463000,ms
10,2,access_proof_deny_ms,6,2.254200,ms
10,2,access_proof_deny_ms,7,1.470500,ms
10,2,access_proof_deny_ms,8,1.509900,ms
10,2,access_proof_deny_ms,9,1.458700,ms
10,2,token_issue_ms,0,1.181100,ms
10,2,token_issue_ms,1,1.139400,ms
10,2,token_issue_ms,2,1.107700,ms
10,2,token_issue_ms,3,1.143000,ms
10,2,token_issue_ms,4,1.203100,ms
10,2,token_issue_ms,5,1.082100,ms
10,2,token_issue_ms,6,1.184700,ms
10,2,token_issue_ms,7,1.090100,ms
10,2,token_issue_ms,8,1.713800,ms
10,2,token_issue_ms,9,1.386900,ms
10,2,access_token_allow_ms,0,1.441600,ms
10,2,access_token_allow_ms,1,1.484500,ms
10,2,access_token_allow_ms,2,1.403100,ms
10,2,access_token_allow_ms,3,1.465700,ms
10,2,access_token_allow_ms,4,1.503700,ms
10,2,access_token_allow_ms,5,1.526800,ms
10,2,access_token_allow_ms,6,1.549600,ms
10,2,access_token_allow_ms,7,1.444700,ms
10,2,access_token_deny_ms,0,1.770000,ms
10,2,access_token_deny_ms,1,2.336000,ms
10,2,access_token_deny_ms,2,1.652100,ms
10,2,access_token_deny_ms,3,1.686600,ms
10,2,access_token_deny_ms,4,1.734400,ms
10,2,access_token_deny_ms,5,1.794000,ms
10,2,access_token_deny_ms,6,1.757300,ms
10,2,access_token_deny_ms,7,1.788800,ms
10,2,access_token_deny_ms,8,1.409500,ms
10,2,access_token_deny_ms,9,1.360700,ms
25,0,registration_ms,0,7.681000,ms
25,0,registration_ms,1,3.192100,ms
25,0,registration_ms,2,4.996500,ms
25,0,registration_ms,3,4.359600,ms
25,0,registration_ms,4,3.399000,ms
25,0,registration_ms,5,3.151600,ms
25,0,registration_ms,6,3.127300,ms
25,0,registration_ms,7,5.096800,ms
25,0,registration_ms,8,3.477700,ms
25,0,registration_ms,9,3.077300,ms
25,0,registration_ms,10,3.028300,ms
25,0,registration_ms,11,4.225800,ms
25,0,registration_ms,12,4.156100,ms
25,0,registration_ms,13,3.596100,ms
25,0,registration_ms,14,3.176800,ms
25,0,registration_ms,15,3.215600,ms
25,0,registration_ms,16,4.791400,ms
25,0,registration_ms,17,3.141500,ms
25,0,registration_ms,18,3.458400,ms
25,0,registration_ms,19,3.406500,ms
25,0,registration_ms,20,4.319300,ms
25,0,registration_ms,21,3.575500,ms
25,0,registration_ms,22,3.141500,ms
25,0,registration_ms,23,2.991700,ms
25,0,registration_ms,24,3.100700,ms
25,0,throughput_registrations_per_s,,263.335577,per_s
25,0,batch_close_ms,,1.229400,ms
25,0,batch_compute_ms,,0.054200,ms
25,0,proof_all_ms,,0.030300,ms
25,0,proof_http_ms,0,0.809500,ms
25,0,proof_http_ms,1,1.082300,ms
25,0,proof_http_ms,2,0.972400,ms
25,0,proof_http_ms,3,0.758600,ms
25,0,proof_http_ms,4,0.716400,ms
25,0,proof_http_ms,5,0.711500,ms
25,0,proof_http_ms,6,0.729900,ms
25,0,proof_http_ms,7,0.686300,ms
25,0,proof_http_ms,8,0.686500,ms
25,0,proof_http_ms,9,0.774800,ms
25,0,proof_http_ms,10,0.780300,ms
25,0,proof_http_ms,11,0.765800,ms
25,0,proof_http_ms,12,0.731300,ms
25,0,proof_http_ms,13,1.277200,ms
25,0,proof_http_ms,14,0.817100,ms
25,0,proof_http_ms,15,0.745300,ms
25,0,proof_http_ms,16,0.697900,ms
25,0,proof_http_ms,17,0.686500,ms
25,0,proof_http_ms,18,0.905400,ms
25,0,proof_http_ms,19,0.805200,ms
25,0,proof_http_ms,20,0.701500,ms
25,0,proof_http_ms,21,0.722300,ms
25,0,proof_http_ms,22,1.471400,ms
25,0,proof_http_ms,23,1.071800,ms
25,0,proof_http_ms,24,0.750500,ms
25,0,verify_local_ms,0,0.027700,ms
25,0,verify_local_ms,1,0.009600,ms
25,0,verify_local_ms,2,0.009500,ms
25,0,verify_local_ms,3,0.009800,ms
25,0,verify_local_ms,4,0.009000,ms
25,0,verify_local_ms,5,0.009300,ms
25,0,verify_local_ms,6,0.009000,ms
25,0,verify_local_ms,7,0.009400,ms
25,0,verify_local_ms,8,0.010200,ms
25,0,verify_local_ms,9,0.009000,ms
25,0,verify_local_ms,10,0.009000,ms
25,0,verify_local_ms,11,0.008500,ms
25,0,verify_local_ms,12,0.008500,ms
25,0,verify_local_ms,13,0.008300,ms
25,0,verify_local_ms,14,0.008300,ms
25,0,verify_local_ms,15,0.008300,ms
25,0,verify_local_ms,16,0.008400,ms
25,0,verify_local_ms,17,0.008200,ms
25,0,verify_local_ms,18,0.008700,ms
25,0,verify_local_ms,19,0.008300,ms
25,0,verify_local_ms,20,0.008500,ms
25,0,verify_local_ms,21,0.008400,ms
25,0,verify_local_ms,22,0.008500,ms
25,0,verify_local_ms,23,0.008300,ms
25,0,verify_local_ms,24,0.008400,ms
25,0,access_proof_allow_ms,0,3.546700,ms
25,0,access_proof_allow_ms,1,1.155200,ms
25,0,access_proof_allow_ms,2,1.263400,ms
25,0,access_proof_allow_ms,3,1.168500,ms
25,0,access_proof_allow_ms,4,1.249100,ms
25,0,access_proof_allow_ms,5,1.162200,ms
25,0,access_proof_allow_ms,6,1.415700,ms
25,0,access_proof_allow_ms,7,1.182900,ms
25,0,access_proof_allow_ms,8,1.096700,ms
25,0,access_proof_allow_ms,9,1.800800,ms
25,0,access_proof_allow_ms,10,1.245100,ms
25,0,access_proof_allow_ms,11,1.132000,ms
25,0,access_proof_allow_ms,12,1.263500,ms
25,0,access_proof_allow_ms,13,1.100300,ms
25,0,access_proof_allow_ms,14,1.056900,ms
25,0,access_proof_allow_ms,15,1.214300,ms
25,0,access_proof_allow_ms,16,1.110700,ms
25,0,access_proof_allow_ms,17,1.071400,ms
25,0,access_proof_allow_ms,18,1.061200,ms
25,0,access_proof_allow_ms,19,1.721300,ms
25,0,access_proof_allow_ms,20,1.241800,ms
25,0,access_proof_allow_ms,21,1.194800,ms
25,0,access_proof_allow_ms,22,1.626200,ms
25,0,access_proof_allow_ms,23,1.322200,ms
25,0,access_proof_allow_ms,24,1.153000,ms
25,0,throughput_verifications_per_s,,742.902311,per_s
25,0,access_proof_deny_ms,0,1.081100,ms
25,0,access_proof_deny_ms,1,1.073000,ms
25,0,access_proof_deny_ms,2,1.073600,ms
25,0,access_proof_deny_ms,3,1.257400,ms
25,0,access_proof_deny_ms,4,1.097100,ms
25,0,access_proof_deny_ms,5,1.102000,ms
25,0,access_proof_deny_ms,6,1.061200,ms
25,0,access_proof_deny_ms,7,1.619500,ms
25,0,access_proof_deny_ms,8,1.579000,ms
25,0,access_proof_deny_ms,9,1.440800,ms
25,0,access_proof_deny_ms,10,2.167700,ms
25,0,access_proof_deny_ms,11,1.575100,ms
25,0,access_proof_deny_ms,12,1.339500,ms
25,0,access_proof_deny_ms,13,1.263300,ms
25,0,access_proof_deny_ms,14,1.350800,ms
25,0,access_proof_deny_ms,15,1.165900,ms
25,0,access_proof_deny_ms,16,1.086200,ms
25,0,access_proof_deny_ms,17,1.065500,ms
25,0,access_proof_deny_ms,18,1.514700,ms
25,0,access_proof_deny_ms,19,1.312500,ms
25,0,access_proof_deny_ms,20,1.099200,ms
25,0,access_proof_deny_ms,21,1.089500,ms
25,0,access_proof_deny_ms,22,1.094100,ms
25,0,access_proof_deny_ms,23,1.757600,ms
25,0,access_proof_deny_ms,24,1.342000,ms
25,0,token_issue_ms,0,1.048600,ms
25,0,token_issue_ms,1,0.982000,ms
25,0,token_issue_ms,2,0.875800,ms
25,0,token_issue_ms,3,0.834200,ms
25,0,token_issue_ms,4,0.837600,ms
25,0,token_issue_ms,5,0.821600,ms
25,0,token_issue_ms,6,0.775000,ms
25,0,token_issue_ms,7,0.849000,ms
25,0,token_issue_ms,8,1.745800,ms
25,0,token_issue_ms,9,0.981300,ms
25,0,token_issue_ms,10,0.832300,ms
25,0,token_issue_ms,11,0.934700,ms
25,0,token_issue_ms,12,0.900600,ms
25,0,token_issue_ms,13,0.841300,ms
25,0,token_issue_ms,14,1.247800,ms
25,0,token_issue_ms,15,1.044800,ms
25,0,token_issue_ms,16,0.882300,ms
25,0,token_issue_ms,17,0.822200,ms
25,0,token_issue_ms,18,0.817800,ms
25,0,token_issue_ms,19,0.934300,ms
25,0,token_issue_ms,20,0.844200,ms
25,0,token_issue_ms,21,0.847800,ms
25,0,token_issue_ms,22,0.976700,ms
25,0,token_issue_ms,23,0.869100,ms
25,0,token_issue_ms,24,1.121300,ms
25,0,access_token_allow_ms,0,1.526300,ms
25,0,access_token_allow_ms,1,1.523900,ms
25,0,access_token_allow_ms,2,1.423700,ms
25,0,access_token_allow_ms,3,1.332900,ms
25,0,access_token_allow_ms,4,2.157600,ms
25,0,access_token_allow_ms,5,1.473200,ms
25,0,access_token_allow_ms,6,1.233300,ms
25,0,access_token_allow_ms,7,1.118100,ms
25,0,access_token_allow_ms,8,1.116200,ms
25,0,access_token_allow_ms,9,1.128600,ms
25,0,access_token_allow_ms,10,1.806900,ms
25,0,access_token_allow_ms,11,2.113800,ms
25,0,access_token_allow_ms,12,1.484800,ms
25,0,access_token_allow_ms,13,1.354500,ms
25,0,access_token_allow_ms,14,1.314300,ms
25,0,access_token_allow_ms,15,1.496200,ms
25,0,access_token_allow_ms,16,1.819500,ms
25,0,access_token_deny_ms,0,1.276100,ms
25,0,access_token_deny_ms,1,1.287200,ms
25,0,access_token_deny_ms,2,1.320100,ms
25,0,access_token_deny_ms,3,1.288800,ms
25,0,access_token_deny_ms,4,1.186900,ms
25,0,access_token_deny_ms,5,1.158000,ms
25,0,access_token_deny_ms,6,1.158700,ms
25,0,access_token_deny_ms,7,1.101800,ms
25,0,access_token_deny_ms,8,1.198600,ms
25,0,access_token_deny_ms,9,1.192000,ms
25,0,access_token_deny_ms,10,1.641200,ms
25,0,access_token_deny_ms,11,1.903900,ms
25,0,access_token_deny_ms,12,1.462000,ms
25,0,access_token_deny_ms,13,1.224000,ms
25,0,access_token_deny_ms,14,1.176500,ms
25,0,access_token_deny_ms,15,1.146100,ms
25,0,access_token_deny_ms,16,1.394300,ms
25,0,access_token_deny_ms,17,1.265100,ms
25,0,access_token_deny_ms,18,1.199800,ms
25,0,access_token_deny_ms,19,1.156000,ms
25,0,access_token_deny_ms,20,1.121000,ms
25,0,access_token_deny_ms,21,1.129100,ms
25,0,access_token_deny_ms,22,1.136200,ms
25,0,access_token_deny_ms,23,1.532200,ms
25,0,access_token_deny_ms,24,1.972600,ms
25,1,registration_ms,0,8.181400,ms
25,1,registration_ms,1,5.439700,ms
25,1,registration_ms,2,5.119800,ms
25,1,registration_ms,3,3.468300,ms
25,1,registration_ms,4,3.456700,ms
25,1,registration_ms,5,5.104000,ms
25,1,registration_ms,6,5.073700,ms
25,1,registration_ms,7,4.833700,ms
25,1,registration_ms,8,3.287900,ms
25,1,registration_ms,9,4.746700,ms
25,1,registration_ms,10,3.436000,ms
25,1,registration_ms,11,3.098400,ms
25,1,registration_ms,12,3.436900,ms
25,1,registration_ms,13,4.702900,ms
25,1,registration_ms,14,3.821200,ms
25,1,registration_ms,15,3.126100,ms
25,1,registration_ms,16,3.009100,ms
25,1,registration_ms,17,3.262200,ms
25,1,registration_ms,18,3.992100,ms
25,1,registration_ms,19,3.155500,ms
25,1,registration_ms,20,3.304000,ms
25,1,registration_ms,21,3.188700,ms
25,1,registration_ms,22,3.383300,ms
25,1,registration_ms,23,4.646300,ms
25,1,registration_ms,24,3.547000,ms
25,1,throughput_registrations_per_s,,245.399977,per_s
25,1,batch_close_ms,,0.988800,ms
25,1,batch_compute_ms,,0.054200,ms
25,1,proof_all_ms,,0.030100,ms
25,1,proof_http_ms,0,0.766000,ms
25,1,proof_http_ms,1,0.711200,ms
25,1,proof_http_ms,2,0.700800,ms
25,1,proof_http_ms,3,0.750700,ms
25,1,proof_http_ms,4,0.750800,ms
25,1,proof_http_ms,5,0.703400,ms
25,1,proof_http_ms,6,0.726600,ms
25,1,proof_http_ms,7,0.684700,ms
25,1,proof_http_ms,8,0.698400,ms
25,1,proof_http_ms,9,0.688900,ms
25,1,proof_http_ms,10,0.673100,ms
25,1,proof_http_ms,11,0.766100,ms
25,1,proof_http_ms,12,1.533400,ms
25,1,proof_http_ms,13,0.992800,ms
25,1,proof_http_ms,14,0.849000,ms
25,1,proof_http_ms,15,1.031400,ms
25,1,proof_http_ms,16,0.795800,ms
25,1,proof_http_ms,17,0.734600,ms
25,1,proof_http_ms,18,0.711700,ms
25,1,proof_http_ms,19,0.697900,ms
25,1,proof_http_ms,20,0.690600,ms
25,1,proof_http_ms,21,0.699600,ms
25,1,proof_http_ms,22,0.686100,ms
25,1,proof_http_ms,23,0.678300,ms
25,1,proof_http_ms,24,0.684600,ms
25,1,verify_local_ms,0,0.028400,ms
25,1,verify_local_ms,1,0.009500,ms
25,1,verify_local_ms,2,0.009000,ms
25,1,verify_local_ms,3,0.009800,ms
25,1,verify_local_ms,4,0.009400,ms
25,1,verify_local_ms,5,0.009800,ms
25,1,verify_local_ms,6,0.009500,ms
25,1,verify_local_ms,7,0.008900,ms
25,1,verify_local_ms,8,0.008800,ms
25,1,verify_local_ms,9,0.008600,ms
25,1,verify_local_ms,10,0.008400,ms
25,1,verify_local_ms,11,0.008700,ms
25,1,verify_local_ms,12,0.008500,ms
25,1,verify_local_ms,13,0.008500,ms
25,1,verify_local_ms,14,0.008400,ms
25,1,verify_local_ms,15,0.008400,ms
25,1,verify_local_ms,16,0.008200,ms
25,1,verify_local_ms,17,0.008300,ms
25,1,verify_local_ms,18,0.008200,ms
25,1,verify_local_ms,19,0.008500,ms
25,1,verify_local_ms,20,0.008500,ms
25,1,verify_local_ms,21,0.008300,ms
25,1,verify_local_ms,22,0.008400,ms
25,1,verify_local_ms,23,0.008400,ms
25,1,verify_local_ms,24,0.008000,ms
25,1,access_proof_allow_ms,0,3.617500,ms
25,1,access_proof_allow_ms,1,1.186200,ms
25,1,access_proof_allow_ms,2,1.814400,ms
25,1,access_proof_allow_ms,3,1.323400,ms
25,1,access_proof_allow_ms,4,1.139800,ms
25,1,access_proof_allow_ms,5,1.237700,ms
25,1,access_proof_allow_ms,6,1.100700,ms
25,1,access_proof_allow_ms,7,1.119300,ms
25,1,access_proof_allow_ms,8,1.186300,ms
25,1,access_proof_allow_ms,9,1.165100,ms
25,1,access_proof_allow_ms,10,1.094700,ms
25,1,access_proof_allow_ms,11,1.057800,ms
25,1,access_proof_allow_ms,12,1.063900,ms
25,1,access_proof_allow_ms,13,1.079700,ms
25,1,access_proof_allow_ms,14,1.056300,ms
25,1,access_proof_allow_ms,15,1.051600,ms
25,1,access_proof_allow_ms,16,1.562900,ms
25,1,access_proof_allow_ms,17,1.866600,ms
25,1,access_proof_allow_ms,18,2.300600,ms
25,1,access_proof_allow_ms,19,1.657400,ms
25,1,access_proof_allow_ms,20,1.380700,ms
25,1,access_proof_allow_ms,21,1.200900,ms
25,1,access_proof_allow_ms,22,1.144500,ms
25,1,access_proof_allow_ms,23,1.244200,ms
25,1,access_proof_allow_ms,24,1.112900,ms
25,1,throughput_verifications_per_s,,716.942496,per_s
25,1,access_proof_deny_ms,0,1.106900,ms
25,1,access_proof_deny_ms,1,1.099000,ms
25,1,access_proof_deny_ms,2,1.390100,ms
25,1,access_proof_deny_ms,3,1.556900,ms
25,1,access_proof_deny_ms,4,1.321800,ms
25,1,access_proof_deny_ms,5,1.235800,ms
25,1,access_proof_deny_ms,6,1.278400,ms
25,1,access_proof_deny_ms,7,1.126200,ms
25,1,access_proof_deny_ms,8,1.103000,ms
25,1,access_proof_deny_ms,9,1.072000,ms
25,1,access_proof_deny_ms,10,1.222400,ms
25,1,access_proof_deny_ms,11,1.086500,ms
25,1,access_proof_deny_ms,12,1.105900,ms
25,1,access_proof_deny_ms,13,1.214400,ms
25,1,access_proof_deny_ms,14,1.213600,ms
25,1,access_proof_deny_ms,15,1.367200,ms
25,1,access_proof_deny_ms,16,1.536400,ms
25,1,access_proof_deny_ms,17,1.349000,ms
25,1,access_proof_deny_ms,18,1.171400,ms
25,1,access_proof_deny_ms,19,1.082900,ms
25,1,access_proof_deny_ms,20,1.081700,ms
25,1,access_proof_deny_ms,21,1.083000,ms
25,1,access_proof_deny_ms,22,1.072100,ms
25,1,access_proof_deny_ms,23,1.171300,ms
25,1,access_proof_deny_ms,24,1.180500,ms
25,1,token_issue_ms,0,0.903200,ms
25,1,token_issue_ms,1,0.842700,ms
25,1,token_issue_ms,2,0.839600,ms
25,1,token_issue_ms,3,0.924100,ms
25,1,token_issue_ms,4,1.000500,ms
25,1,token_issue_ms,5,0.830000,ms
25,1,token_issue_ms,6,0.783700,ms
25,1,token_issue_ms,7,0.911200,ms
25,1,token_issue_ms,8,1.450200,ms
25,1,token_issue_ms,9,1.040100,ms
25,1,token_issue_ms,10,0.886900,ms
25,1,token_issue_ms,11,0.831000,ms
25,1,token_issue_ms,12,0.814100,ms
25,1,token_issue_ms,13,0.799800,ms
25,1,token_issue_ms,14,0.814600,ms
25,1,token_issue_ms,15,0.788000,ms
25,1,token_issue_ms,16,0.767400,ms
25,1,token_issue_ms,17,0.973700,ms
25,1,token_issue_ms,18,0.851700,ms
25,1,token_issue_ms,19,1.040700,ms
25,1,token_issue_ms,20,0.862400,ms
25,1,token_issue_ms,21,1.242800,ms
25,1,token_issue_ms,22,0.900800,ms
25,1,token_issue_ms,23,0.908300,ms
25,1,token_issue_ms,24,0.865400,ms
25,1,access_token_allow_ms,0,1.755900,ms
25,1,access_token_allow_ms,1,1.336500,ms
25,1,access_token_allow_ms,2,1.244500,ms
25,1,access_token_allow_ms,3,1.328400,ms
25,1,access_token_allow_ms,4,1.287000,ms
25,1,access_token_allow_ms,5,1.204700,ms
25,1,access_token_allow_ms,6,1.184500,ms
25,1,access_token_allow_ms,7,1.157300,ms
25,1,access_token_allow_ms,8,1.111400,ms
25,1,access_token_allow_ms,9,1.279600,ms
25,1,access_token_allow_ms,10,1.269200,ms
25,1,access_token_allow_ms,11,1.286300,ms
25,1,access_token_allow_ms,12,1.243400,ms
25,1,access_token_allow_ms,13,1.719700,ms
25,1,access_token_allow_ms,14,1.337900,ms
25,1,access_token_allow_ms,15,1.213700,ms
25,1,access_token_allow_ms,16,1.165800,ms
25,1,access_token_deny_ms,0,1.124400,ms
25,1,access_token_deny_ms,1,1.168600,ms
25,1,access_token_deny_ms,2,1.224800,ms
25,1,access_token_deny_ms,3,1.286100,ms
25,1,access_token_deny_ms,4,1.310900,ms
25,1,access_token_deny_ms,5,1.608400,ms
25,1,access_token_deny_ms,6,1.234500,ms
25,1,access_token_deny_ms,7,1.142200,ms
25,1,access_token_deny_ms,8,1.278400,ms
25,1,access_token_deny_ms,9,2.120500,ms
25,1,access_token_deny_ms,10,1.345800,ms
25,1,access_token_deny_ms,11,1.201200,ms
25,1,access_token_deny_ms,12,1.169600,ms
25,1,access_token_deny_ms,13,1.136800,ms
25,1,access_token_deny_ms,14,1.143700,ms
25,1,access_token_deny_ms,15,1.146100,ms
25,1,access_token_deny_ms,16,1.343200,ms
25,1,access_token_deny_ms,17,1.366100,ms
25,1,access_token_deny_ms,18,1.272100,ms
25,1,access_token_deny_ms,19,1.237700,ms
25,1,access_token_deny_ms,20,1.168600,ms
25,1,access_token_deny_ms,21,1.153300,ms
25,1,access_token_deny_ms,22,1.644400,ms
25,1,access_token_deny_ms,23,1.286300,ms
25,1,access_token_deny_ms,24,1.557700,ms
25,2,registration_ms,0,7.385400,ms
25,2,registration_ms,1,4.856300,ms
25,2,registration_ms,2,3.488500,ms
25,2,registration_ms,3,4.054900,ms
25,2,registration_ms,4,3.353200,ms
25,2,registration_ms,5,3.935700,ms
25,2,registration_ms,6,5.326600,ms
25,2,registration_ms,7,3.314900,ms
25,2,registration_ms,8,3.277700,ms
25,2,registration_ms,9,3.075200,ms
25,2,registration_ms,10,5.050700,ms
25,2,registration_ms,11,3.261300,ms
25,2,registration_ms,12,3.090100,ms
25,2,registration_ms,13,3.140900,ms
25,2,registration_ms,14,4.324000,ms
25,2,registration_ms,15,3.297000,ms
25,2,registration_ms,16,3.693200,ms
25,2,registration_ms,17,3.364500,ms
25,2,registration_ms,18,3.762300,ms
25,2,registration_ms,19,4.895200,ms
25,2,registration_ms,20,3.157900,ms
25,2,registration_ms,21,3.012400,ms
25,2,registration_ms,22,3.370200,ms
25,2,registration_ms,23,4.401800,ms
25,2,registration_ms,24,3.956500,ms
25,2,throughput_registrations_per_s,,255.363919,per_s
25,2,batch_close_ms,,0.954000,ms
25,2,batch_compute_ms,,0.052800,ms
25,2,proof_all_ms,,0.029200,ms
25,2,proof_http_ms,0,0.800600,ms
25,2,proof_http_ms,1,0.723600,ms
25,2,proof_http_ms,2,0.698200,ms
25,2,proof_http_ms,3,0.678000,ms
25,2,proof_http_ms,4,0.679200,ms
25,2,proof_http_ms,5,0.667800,ms
25,2,proof_http_ms,6,0.792000,ms
25,2,proof_http_ms,7,0.777500,ms
25,2,proof_http_ms,8,0.773600,ms
25,2,proof_http_ms,9,1.010400,ms
25,2,proof_http_ms,10,0.780600,ms
25,2,proof_http_ms,11,0.717300,ms
25,2,proof_http_ms,12,0.696200,ms
25,2,proof_http_ms,13,1.384200,ms
25,2,proof_http_ms,14,0.791400,ms
25,2,proof_http_ms,15,0.753600,ms
25,2,proof_http_ms,16,0.734100,ms
25,2,proof_http_ms,17,0.710700,ms
25,2,proof_http_ms,18,0.684100,ms
25,2,proof_http_ms,19,0.649100,ms
25,2,proof_http_ms,20,0.683400,ms
25,2,proof_http_ms,21,0.670900,ms
25,2,proof_http_ms,22,0.692900,ms
25,2,proof_http_ms,23,0.810300,ms
25,2,proof_http_ms,24,0.720100,ms
25,2,verify_local_ms,0,0.026700,ms
25,2,verify_local_ms,1,0.009500,ms
25,2,verify_local_ms,2,0.009400,ms
25,2,verify_local_ms,3,0.008900,ms
25,2,verify_local_ms,4,0.009300,ms
25,2,verify_local_ms,5,0.008900,ms
25,2,verify_local_ms,6,0.009200,ms
25,2,verify_local_ms,7,0.009100,ms
25,2,verify_local_ms,8,0.008700,ms
25,2,verify_local_ms,9,0.008500,ms
25,2,verify_local_ms,10,0.008900,ms
25,2,verify_local_ms,11,0.008700,ms
25,2,verify_local_ms,12,0.008700,ms
25,2,verify_local_ms,13,0.009000,ms
25,2,verify_local_ms,14,0.008600,ms
25,2,verify_local_ms,15,0.008300,ms
25,2,verify_local_ms,16,0.008200,ms
25,2,verify_local_ms,17,0.008500,ms
25,2,verify_local_ms,18,0.008400,ms
25,2,verify_local_ms,19,0.008800,ms
25,2,verify_local_ms,20,0.008900,ms
25,2,verify_local_ms,21,0.008400,ms
25,2,verify_local_ms,22,0.008700,ms
25,2,verify_local_ms,23,0.008500,ms
25,2,verify_local_ms,24,0.008400,ms
25,2,access_proof_allow_ms,0,3.694100,ms
25,2,access_proof_allow_ms,1,1.347400,ms
25,2,access_proof_allow_ms,2,1.101200,ms
25,2,access_proof_allow_ms,3,1.083600,ms
25,2,access_proof_allow_ms,4,1.747400,ms
25,2,access_proof_allow_ms,5,1.229900,ms
25,2,access_proof_allow_ms,6,1.136000,ms
25,2,access_proof_allow_ms,7,1.091800,ms
25,2,access_proof_allow_ms,8,1.091500,ms
25,2,access_proof_allow_ms,9,1.074300,ms
25,2,access_proof_allow_ms,10,1.048500,ms
25,2,access_proof_allow_ms,11,1.017700,ms
25,2,access_proof_allow_ms,12,1.038700,ms
25,2,access_proof_allow_ms,13,1.220500,ms
25,2,access_proof_allow_ms,14,1.569400,ms
25,2,access_proof_allow_ms,15,1.181300,ms
25,2,access_proof_allow_ms,16,1.190200,ms
25,2,access_proof_allow_ms,17,1.295000,ms
25,2,access_proof_allow_ms,18,1.589200,ms
25,2,access_proof_allow_ms,19,1.159500,ms
25,2,access_proof_allow_ms,20,1.087600,ms
25,2,access_proof_allow_ms,21,1.181900,ms
25,2,access_proof_allow_ms,22,1.074600,ms
25,2,access_proof_allow_ms,23,1.048100,ms
25,2,access_proof_allow_ms,24,1.049700,ms
25,2,throughput_verifications_per_s,,770.594128,per_s
25,2,access_proof_deny_ms,0,1.061100,ms
25,2,access_proof_deny_ms,1,1.069000,ms
25,2,access_proof_deny_ms,2,1.214300,ms
25,2,access_proof_deny_ms,3,1.255200,ms
25,2,access_proof_deny_ms,4,1.126300,ms
25,2,access_proof_deny_ms,5,1.076500,ms
25,2,access_proof_deny_ms,6,1.064500,ms
25,2,access_proof_deny_ms,7,1.859300,ms
25,2,access_proof_deny_ms,8,1.258900,ms
25,2,access_proof_deny_ms,9,1.117800,ms
25,2,access_proof_deny_ms,10,1.074400,ms
25,2,access_proof_deny_ms,11,1.070800,ms
25,2,access_proof_deny_ms,12,1.233700,ms
25,2,access_proof_deny_ms,13,1.195700,ms
25,2,access_proof_deny_ms,14,1.168600,ms
25,2,access_proof_deny_ms,15,1.389300,ms
25,2,access_proof_deny_ms,16,1.168300,ms
25,2,access_proof_deny_ms,17,1.124600,ms
25,2,access_proof_deny_ms,18,1.095200,ms
25,2,access_proof_deny_ms,19,1.051100,ms
25,2,access_proof_deny_ms,20,1.033300,ms
25,2,access_proof_deny_ms,21,2.032800,ms
25,2,access_proof_deny_ms,22,1.312200,ms
25,2,access_proof_deny_ms,23,1.138200,ms
25,2,access_proof_deny_ms,24,1.086000,ms
25,2,token_issue_ms,0,0.871700,ms
25,2,token_issue_ms,1,0.844200,ms
25,2,token_issue_ms,2,0.833500,ms
25,2,token_issue_ms,3,0.948400,ms
25,2,token_issue_ms,4,1.146800,ms
25,2,token_issue_ms,5,1.316800,ms
25,2,token_issue_ms,6,1.087300,ms
25,2,token_issue_ms,7,1.155300,ms
25,2,token_issue_ms,8,1.141900,ms
25,2,token_issue_ms,9,1.111600,ms
25,2,token_issue_ms,10,1.822800,ms
25,2,token_issue_ms,11,1.275100,ms
25,2,token_issue_ms,12,1.108600,ms
25,2,token_issue_ms,13,1.039400,ms
25,2,token_issue_ms,14,1.244900,ms
25,2,token_issue_ms,15,0.904500,ms
25,2,token_issue_ms,16,0.915600,ms
25,2,token_issue_ms,17,1.011100,ms
25,2,token_issue_ms,18,0.848200,ms
25,2,token_issue_ms,19,0.832700,ms
25,2,token_issue_ms,20,0.846900,ms
25,2,token_issue_ms,21,0.799500,ms
25,2,token_issue_ms,22,0.779500,ms
25,2,token_issue_ms,23,0.892600,ms
25,2,token_issue_ms,24,1.008500,ms
25,2,access_token_allow_ms,0,1.278500,ms
25,2,access_token_allow_ms,1,1.804700,ms
25,2,access_token_allow_ms,2,1.376600,ms
25,2,access_token_allow_ms,3,1.229300,ms
25,2,access_token_allow_ms,4,1.159200,ms
25,2,access_token_allow_ms,5,1.127400,ms
25,2,access_token_allow_ms,6,1.406100,ms
25,2,access_token_allow_ms,7,1.251600,ms
25,2,access_token_allow_ms,8,1.177600,ms
25,2,access_token_allow_ms,9,1.117300,ms
25,2,access_token_allow_ms,10,1.177900,ms
25,2,access_token_allow_ms,11,1.114000,ms
25,2,access_token_allow_ms,12,1.092000,ms
25,2,access_token_allow_ms,13,1.104900,ms
25,2,access_token_allow_ms,14,1.227900,ms
25,2,access_token_allow_ms,15,1.919500,ms
25,2,access_token_allow_ms,16,1.283100,ms
25,2,access_token_deny_ms,0,1.199800,ms
25,2,access_token_deny_ms,1,1.239400,ms
25,2,access_token_deny_ms,2,1.964100,ms
25,2,access_token_deny_ms,3,1.889700,ms
25,2,access_token_deny_ms,4,1.496100,ms
25,2,access_token_deny_ms,5,1.239400,ms
25,2,access_token_deny_ms,6,1.205800,ms
25,2,access_token_deny_ms,7,1.160200,ms
25,2,access_token_deny_ms,8,1.141700,ms
25,2,access_token_deny_ms,9,1.787400,ms
25,2,access_token_deny_ms,10,1.374600,ms
25,2,access_token_deny_ms,11,1.255600,ms
25,2,access_token_deny_ms,12,1.225400,ms
25,2,access_token_deny_ms,13,1.307100,ms
25,2,access_token_deny_ms,14,1.183400,ms
25,2,access_token_deny_ms,15,1.135500,ms
25,2,access_token_deny_ms,16,1.158100,ms
25,2,access_token_deny_ms,17,1.159500,ms
25,2,access_token_deny_ms,18,1.108400,ms
25,2,access_token_deny_ms,19,1.173300,ms
25,2,access_token_deny_ms,20,1.149300,ms
25,2,access_token_deny_ms,21,1.304700,ms
25,2,access_token_deny_ms,22,1.592800,ms
25,2,access_token_deny_ms,23,1.467800,ms
25,2,access_token_deny_ms,24,1.232600,ms
