n_devices,metric,unit,runs,mean,std,p95_mean,p95_std
5,registration_ms,ms,3,4.955420,0.327767,7.864540,0.601664
5,throughput_registrations_per_s,per_s,3,201.731455,12.413039,201.731455,12.413039
5,batch_close_ms,ms,3,1.047700,0.212130,1.047700,0.212130
5,batch_compute_ms,ms,3,0.024333,0.001762,0.024333,0.001762
5,proof_all_ms,ms,3,0.006900,0.000265,0.006900,0.000265
5,proof_http_ms,ms,3,0.887233,0.133763,1.081867,0.338687
5,verify_local_ms,ms,3,0.008353,0.000942,0.015340,0.003710
5,access_proof_allow_ms,ms,3,1.689287,0.077511,3.087640,0.073596
5,throughput_verifications_per_s,per_s,3,591.544215,26.392662,591.544215,26.392662
5,access_proof_deny_ms,ms,3,1.324253,0.172564,1.668687,0.371738
5,token_issue_ms,ms,3,0.900533,0.009063,0.952267,0.015169
5,access_token_allow_ms,ms,3,1.843458,0.955248,2.965972,2.640123
5,access_token_deny_ms,ms,3,1.388273,0.204223,1.799347,0.650198
10,registration_ms,ms,3,5.206270,0.360317,8.613178,0.707508
10,throughput_registrations_per_s,per_s,3,192.576381,12.890198,192.576381,12.890198
10,batch_close_ms,ms,3,1.146467,0.303548,1.146467,0.303548
10,batch_compute_ms,ms,3,0.032067,0.004790,0.032067,0.004790
10,proof_all_ms,ms,3,0.012833,0.000551,0.012833,0.000551
10,proof_http_ms,ms,3,1.148007,0.203070,1.628933,0.230107
10,verify_local_ms,ms,3,0.011683,0.004071,0.021098,0.005030
10,access_proof_allow_ms,ms,3,1.970740,0.420593,3.398378,0.386788
10,throughput_verifications_per_s,per_s,3,520.445680,101.364577,520.445680,101.364577
10,access_proof_deny_ms,ms,3,1.829150,0.736065,2.198043,0.761243
10,token_issue_ms,ms,3,1.440173,0.358194,1.792128,0.428108
10,access_token_allow_ms,ms,3,1.643650,0.384114,1.898143,0.529223
10,access_token_deny_ms,ms,3,1.707207,0.112791,2.169743,0.139623
25,registration_ms,ms,3,3.927361,0.139242,5.241293,0.151750
25,throughput_registrations_per_s,per_s,3,254.699824,8.986223,254.699824,8.986223
25,batch_close_ms,ms,3,1.057400,0.149969,1.057400,0.149969
25,batch_compute_ms,ms,3,0.053733,0.000808,0.053733,0.000808
25,proof_all_ms,ms,3,0.029867,0.000586,0.029867,0.000586
25,proof_http_ms,ms,3,0.791253,0.037855,1.077427,0.141778
25,verify_local_ms,ms,3,0.009516,0.000042,0.009800,0.000320
25,access_proof_allow_ms,ms,3,1.342268,0.048320,1.904820,0.269808
25,throughput_verifications_per_s,per_s,3,743.479645,26.830475,743.479645,26.830475
25,access_proof_deny_ms,ms,3,1.241517,0.054408,1.667473,0.139971
25,token_issue_ms,ms,3,0.964379,0.060262,1.244447,0.056343
25,access_token_allow_ms,ms,3,1.360729,0.117016,1.892387,0.205599
25,access_token_deny_ms,ms,3,1.312684,0.011623,1.785933,0.129117
